id,name,model_id:id,group_id:id,perm_read,perm_write,perm_create,perm_unlink
access_project_funding_user,access_project_funding_user,model_project_funding,base.group_user,1,1,1,1
access_project_budget_user,access_project_budget_user,model_project_budget,base.group_user,1,1,1,1
access_project_deviz_export_wizard,access_project_deviz_export_wizard,model_project_deviz_export_wizard,base.group_user,1,1,1,1
access_project_deviz_import_wizard,access_project_deviz_import_wizard,model_project_deviz_import_wizard,base.group_user,1,1,1,1
access_project_activity_user,access_project_activity_user,model_project_activity,base.group_user,1,1,1,1
access_project_activity_template_user,access_project_activity_template_user,model_project_activity_template,base.group_user,1,1,1,1
access_project_acquisition_user,access_project_acquisition_user,model_project_acquisition,base.group_user,1,1,1,1
access_project_acquisition_template_user,access_project_acquisition_template_user,model_project_acquisition_template,base.group_user,1,1,1,1